payload_bytes,packet_bytes,block_size,bits_per_token,overhead,image_copies,attack,binning,source_symbols,encoded_symbols,used_token_slots,raw_capacity_bits,recovered_symbols,exact_symbols,token_match_rate,value_match_rate,exact_recovery,failure,capacity_exhausted
64,76,4,1,0.5,2,clean,projection,19,29,512,512,16,16,1.0,1.0,False,decoder stopped with 3 missing source blocks,True
64,76,4,1,0.5,2,jpeg85,projection,19,29,512,512,16,16,1.0,1.0,False,decoder stopped with 3 missing source blocks,True
64,76,4,1,0.5,2,resize075,projection,19,29,512,512,16,16,0.957031,1.0,False,decoder stopped with 3 missing source blocks,True
64,76,4,1,0.5,2,blur1,projection,19,29,512,512,16,16,0.886719,1.0,False,decoder stopped with 3 missing source blocks,True
64,76,4,1,0.5,2,noise002,projection,19,29,512,512,16,16,1.0,1.0,False,decoder stopped with 3 missing source blocks,True
64,76,4,1,0.5,2,crop090,projection,19,29,512,512,16,0,0.083984,0.673828,False,decoder stopped with 3 missing source blocks,True
64,76,4,1,0.5,4,clean,projection,19,29,928,928,29,29,1.0,1.0,True,,False
64,76,4,1,0.5,4,jpeg85,projection,19,29,928,928,29,29,1.0,1.0,True,,False
64,76,4,1,0.5,4,resize075,projection,19,29,928,928,29,29,0.960938,1.0,True,,False
64,76,4,1,0.5,4,blur1,projection,19,29,928,928,29,29,0.885742,1.0,True,,False
64,76,4,1,0.5,4,noise002,projection,19,29,928,928,29,29,1.0,1.0,True,,False
64,76,4,1,0.5,4,crop090,projection,19,29,928,928,29,0,0.083984,0.674569,False,inconsistent equations; symbol data may be corrupted,False
64,76,4,1,0.5,8,clean,projection,19,29,928,928,29,29,1.0,1.0,True,,False
64,76,4,1,0.5,8,jpeg85,projection,19,29,928,928,29,29,1.0,1.0,True,,False
64,76,4,1,0.5,8,resize075,projection,19,29,928,928,29,29,0.952637,1.0,True,,False
64,76,4,1,0.5,8,blur1,projection,19,29,928,928,29,29,0.876465,1.0,True,,False
64,76,4,1,0.5,8,noise002,projection,19,29,928,928,29,29,1.0,1.0,True,,False
64,76,4,1,0.5,8,crop090,projection,19,29,928,928,29,0,0.083984,0.674569,False,inconsistent equations; symbol data may be corrupted,False
64,76,4,1,0.5,12,clean,projection,19,29,928,928,29,29,1.0,1.0,True,,False
64,76,4,1,0.5,12,jpeg85,projection,19,29,928,928,29,29,1.0,1.0,True,,False
64,76,4,1,0.5,12,resize075,projection,19,29,928,928,29,29,0.956706,1.0,True,,False
64,76,4,1,0.5,12,blur1,projection,19,29,928,928,29,29,0.879557,1.0,True,,False
64,76,4,1,0.5,12,noise002,projection,19,29,928,928,29,29,1.0,1.0,True,,False
64,76,4,1,0.5,12,crop090,projection,19,29,928,928,29,0,0.081055,0.674569,False,inconsistent equations; symbol data may be corrupted,False
64,76,4,1,0.5,16,clean,projection,19,29,928,928,29,29,1.0,1.0,True,,False
64,76,4,1,0.5,16,jpeg85,projection,19,29,928,928,29,29,1.0,1.0,True,,False
64,76,4,1,0.5,16,resize075,projection,19,29,928,928,29,29,0.956299,1.0,True,,False
64,76,4,1,0.5,16,blur1,projection,19,29,928,928,29,29,0.880127,1.0,True,,False
64,76,4,1,0.5,16,noise002,projection,19,29,928,928,29,29,1.0,1.0,True,,False
64,76,4,1,0.5,16,crop090,projection,19,29,928,928,29,0,0.080322,0.674569,False,inconsistent equations; symbol data may be corrupted,False
64,76,4,1,0.8,2,clean,projection,19,35,512,512,16,16,1.0,1.0,False,decoder stopped with 3 missing source blocks,True
64,76,4,1,0.8,2,jpeg85,projection,19,35,512,512,16,16,1.0,1.0,False,decoder stopped with 3 missing source blocks,True
64,76,4,1,0.8,2,resize075,projection,19,35,512,512,16,16,0.957031,1.0,False,decoder stopped with 3 missing source blocks,True
64,76,4,1,0.8,2,blur1,projection,19,35,512,512,16,16,0.886719,1.0,False,decoder stopped with 3 missing source blocks,True
64,76,4,1,0.8,2,noise002,projection,19,35,512,512,16,16,1.0,1.0,False,decoder stopped with 3 missing source blocks,True
64,76,4,1,0.8,2,crop090,projection,19,35,512,512,16,0,0.083984,0.673828,False,decoder stopped with 3 missing source blocks,True
64,76,4,1,0.8,4,clean,projection,19,35,1024,1024,32,32,1.0,1.0,True,,True
64,76,4,1,0.8,4,jpeg85,projection,19,35,1024,1024,32,32,1.0,1.0,True,,True
64,76,4,1,0.8,4,resize075,projection,19,35,1024,1024,32,32,0.960938,1.0,True,,True
64,76,4,1,0.8,4,blur1,projection,19,35,1024,1024,32,32,0.884766,1.0,True,,True
64,76,4,1,0.8,4,noise002,projection,19,35,1024,1024,32,32,1.0,1.0,True,,True
64,76,4,1,0.8,4,crop090,projection,19,35,1024,1024,32,0,0.082031,0.664062,False,inconsistent equations; symbol data may be corrupted,True
64,76,4,1,0.8,8,clean,projection,19,35,1120,1120,35,35,1.0,1.0,True,,False
64,76,4,1,0.8,8,jpeg85,projection,19,35,1120,1120,35,35,1.0,1.0,True,,False
64,76,4,1,0.8,8,resize075,projection,19,35,1120,1120,35,35,0.953125,1.0,True,,False
64,76,4,1,0.8,8,blur1,projection,19,35,1120,1120,35,35,0.874512,1.0,True,,False
64,76,4,1,0.8,8,noise002,projection,19,35,1120,1120,35,35,1.0,1.0,True,,False
64,76,4,1,0.8,8,crop090,projection,19,35,1120,1120,35,0,0.081543,0.6625,False,inconsistent equations; symbol data may be corrupted,False
64,76,4,1,0.8,12,clean,projection,19,35,1120,1120,35,35,1.0,1.0,True,,False
64,76,4,1,0.8,12,jpeg85,projection,19,35,1120,1120,35,35,1.0,1.0,True,,False
64,76,4,1,0.8,12,resize075,projection,19,35,1120,1120,35,35,0.957031,1.0,True,,False
64,76,4,1,0.8,12,blur1,projection,19,35,1120,1120,35,35,0.878255,1.0,True,,False
64,76,4,1,0.8,12,noise002,projection,19,35,1120,1120,35,35,1.0,1.0,True,,False
64,76,4,1,0.8,12,crop090,projection,19,35,1120,1120,35,0,0.079427,0.6625,False,inconsistent equations; symbol data may be corrupted,False
64,76,4,1,0.8,16,clean,projection,19,35,1120,1120,35,35,1.0,1.0,True,,False
64,76,4,1,0.8,16,jpeg85,projection,19,35,1120,1120,35,35,1.0,1.0,True,,False
64,76,4,1,0.8,16,resize075,projection,19,35,1120,1120,35,35,0.956543,1.0,True,,False
64,76,4,1,0.8,16,blur1,projection,19,35,1120,1120,35,35,0.87915,1.0,True,,False
64,76,4,1,0.8,16,noise002,projection,19,35,1120,1120,35,35,1.0,1.0,True,,False
64,76,4,1,0.8,16,crop090,projection,19,35,1120,1120,35,0,0.079102,0.6625,False,inconsistent equations; symbol data may be corrupted,False
64,76,4,1,1.2,2,clean,projection,19,42,512,512,16,16,1.0,1.0,False,decoder stopped with 3 missing source blocks,True
64,76,4,1,1.2,2,jpeg85,projection,19,42,512,512,16,16,1.0,1.0,False,decoder stopped with 3 missing source blocks,True
64,76,4,1,1.2,2,resize075,projection,19,42,512,512,16,16,0.957031,1.0,False,decoder stopped with 3 missing source blocks,True
64,76,4,1,1.2,2,blur1,projection,19,42,512,512,16,16,0.886719,1.0,False,decoder stopped with 3 missing source blocks,True
64,76,4,1,1.2,2,noise002,projection,19,42,512,512,16,16,1.0,1.0,False,decoder stopped with 3 missing source blocks,True
64,76,4,1,1.2,2,crop090,projection,19,42,512,512,16,0,0.083984,0.673828,False,decoder stopped with 3 missing source blocks,True
64,76,4,1,1.2,4,clean,projection,19,42,1024,1024,32,32,1.0,1.0,True,,True
64,76,4,1,1.2,4,jpeg85,projection,19,42,1024,1024,32,32,1.0,1.0,True,,True
64,76,4,1,1.2,4,resize075,projection,19,42,1024,1024,32,32,0.960938,1.0,True,,True
64,76,4,1,1.2,4,blur1,projection,19,42,1024,1024,32,32,0.884766,1.0,True,,True
64,76,4,1,1.2,4,noise002,projection,19,42,1024,1024,32,32,1.0,1.0,True,,True
64,76,4,1,1.2,4,crop090,projection,19,42,1024,1024,32,0,0.082031,0.664062,False,inconsistent equations; symbol data may be corrupted,True
64,76,4,1,1.2,8,clean,projection,19,42,1344,1344,42,42,1.0,1.0,True,,False
64,76,4,1,1.2,8,jpeg85,projection,19,42,1344,1344,42,42,1.0,1.0,True,,False
64,76,4,1,1.2,8,resize075,projection,19,42,1344,1344,42,42,0.95459,1.0,True,,False
64,76,4,1,1.2,8,blur1,projection,19,42,1344,1344,42,42,0.871094,1.0,True,,False
64,76,4,1,1.2,8,noise002,projection,19,42,1344,1344,42,42,1.0,1.0,True,,False
64,76,4,1,1.2,8,crop090,projection,19,42,1344,1344,42,0,0.081055,0.665179,False,inconsistent equations; symbol data may be corrupted,False
64,76,4,1,1.2,12,clean,projection,19,42,1344,1344,42,42,1.0,1.0,True,,False
64,76,4,1,1.2,12,jpeg85,projection,19,42,1344,1344,42,42,1.0,1.0,True,,False
64,76,4,1,1.2,12,resize075,projection,19,42,1344,1344,42,42,0.958008,1.0,True,,False
64,76,4,1,1.2,12,blur1,projection,19,42,1344,1344,42,42,0.875977,1.0,True,,False
64,76,4,1,1.2,12,noise002,projection,19,42,1344,1344,42,42,1.0,1.0,True,,False
64,76,4,1,1.2,12,crop090,projection,19,42,1344,1344,42,0,0.079102,0.665179,False,inconsistent equations; symbol data may be corrupted,False
64,76,4,1,1.2,16,clean,projection,19,42,1344,1344,42,42,1.0,1.0,True,,False
64,76,4,1,1.2,16,jpeg85,projection,19,42,1344,1344,42,42,1.0,1.0,True,,False
64,76,4,1,1.2,16,resize075,projection,19,42,1344,1344,42,42,0.957275,1.0,True,,False
64,76,4,1,1.2,16,blur1,projection,19,42,1344,1344,42,42,0.877441,1.0,True,,False
64,76,4,1,1.2,16,noise002,projection,19,42,1344,1344,42,42,1.0,1.0,True,,False
64,76,4,1,1.2,16,crop090,projection,19,42,1344,1344,42,0,0.078857,0.665179,False,inconsistent equations; symbol data may be corrupted,False
64,76,4,2,0.5,2,clean,projection,19,29,464,928,29,29,1.0,1.0,True,,False
64,76,4,2,0.5,2,jpeg85,projection,19,29,464,928,29,29,1.0,1.0,True,,False
64,76,4,2,0.5,2,resize075,projection,19,29,464,928,29,29,0.966797,1.0,True,,False
64,76,4,2,0.5,2,blur1,projection,19,29,464,928,29,26,0.892578,0.993534,False,inconsistent equations; symbol data may be corrupted,False
64,76,4,2,0.5,2,noise002,projection,19,29,464,928,29,29,1.0,1.0,True,,False
64,76,4,2,0.5,2,crop090,projection,19,29,464,928,29,0,0.070312,0.443966,False,inconsistent equations; symbol data may be corrupted,False
64,76,4,2,0.5,4,clean,projection,19,29,464,928,29,29,1.0,1.0,True,,False
64,76,4,2,0.5,4,jpeg85,projection,19,29,464,928,29,29,1.0,1.0,True,,False
64,76,4,2,0.5,4,resize075,projection,19,29,464,928,29,29,0.961914,1.0,True,,False
64,76,4,2,0.5,4,blur1,projection,19,29,464,928,29,26,0.888672,0.993534,False,inconsistent equations; symbol data may be corrupted,False
64,76,4,2,0.5,4,noise002,projection,19,29,464,928,29,29,1.0,1.0,True,,False
64,76,4,2,0.5,4,crop090,projection,19,29,464,928,29,0,0.079102,0.443966,False,inconsistent equations; symbol data may be corrupted,False
64,76,4,2,0.5,8,clean,projection,19,29,464,928,29,29,1.0,1.0,True,,False
64,76,4,2,0.5,8,jpeg85,projection,19,29,464,928,29,29,1.0,1.0,True,,False
64,76,4,2,0.5,8,resize075,projection,19,29,464,928,29,29,0.953125,1.0,True,,False
64,76,4,2,0.5,8,blur1,projection,19,29,464,928,29,26,0.87793,0.993534,False,inconsistent equations; symbol data may be corrupted,False
64,76,4,2,0.5,8,noise002,projection,19,29,464,928,29,29,1.0,1.0,True,,False
64,76,4,2,0.5,8,crop090,projection,19,29,464,928,29,0,0.081543,0.443966,False,inconsistent equations; symbol data may be corrupted,False
64,76,4,2,0.5,12,clean,projection,19,29,464,928,29,29,1.0,1.0,True,,False
64,76,4,2,0.5,12,jpeg85,projection,19,29,464,928,29,29,1.0,1.0,True,,False
64,76,4,2,0.5,12,resize075,projection,19,29,464,928,29,29,0.957031,1.0,True,,False
64,76,4,2,0.5,12,blur1,projection,19,29,464,928,29,26,0.880534,0.993534,False,inconsistent equations; symbol data may be corrupted,False
64,76,4,2,0.5,12,noise002,projection,19,29,464,928,29,29,1.0,1.0,True,,False
64,76,4,2,0.5,12,crop090,projection,19,29,464,928,29,0,0.079427,0.443966,False,inconsistent equations; symbol data may be corrupted,False
64,76,4,2,0.5,16,clean,projection,19,29,464,928,29,29,1.0,1.0,True,,False
64,76,4,2,0.5,16,jpeg85,projection,19,29,464,928,29,29,1.0,1.0,True,,False
64,76,4,2,0.5,16,resize075,projection,19,29,464,928,29,29,0.956543,1.0,True,,False
64,76,4,2,0.5,16,blur1,projection,19,29,464,928,29,26,0.880859,0.993534,False,inconsistent equations; symbol data may be corrupted,False
64,76,4,2,0.5,16,noise002,projection,19,29,464,928,29,29,1.0,1.0,True,,False
64,76,4,2,0.5,16,crop090,projection,19,29,464,928,29,0,0.079102,0.443966,False,inconsistent equations; symbol data may be corrupted,False
64,76,4,2,0.8,2,clean,projection,19,35,512,1024,32,32,1.0,1.0,True,,True
64,76,4,2,0.8,2,jpeg85,projection,19,35,512,1024,32,32,1.0,1.0,True,,True
64,76,4,2,0.8,2,resize075,projection,19,35,512,1024,32,32,0.970703,1.0,True,,True
64,76,4,2,0.8,2,blur1,projection,19,35,512,1024,32,29,0.884766,0.994141,False,inconsistent equations; symbol data may be corrupted,True
64,76,4,2,0.8,2,noise002,projection,19,35,512,1024,32,32,1.0,1.0,True,,True
64,76,4,2,0.8,2,crop090,projection,19,35,512,1024,32,0,0.070312,0.429688,False,inconsistent equations; symbol data may be corrupted,True
64,76,4,2,0.8,4,clean,projection,19,35,560,1120,35,35,1.0,1.0,True,,False
64,76,4,2,0.8,4,jpeg85,projection,19,35,560,1120,35,35,1.0,1.0,True,,False
64,76,4,2,0.8,4,resize075,projection,19,35,560,1120,35,35,0.964844,1.0,True,,False
64,76,4,2,0.8,4,blur1,projection,19,35,560,1120,35,32,0.886719,0.994643,False,inconsistent equations; symbol data may be corrupted,False
64,76,4,2,0.8,4,noise002,projection,19,35,560,1120,35,35,1.0,1.0,True,,False
64,76,4,2,0.8,4,crop090,projection,19,35,560,1120,35,0,0.080078,0.4125,False,inconsistent equations; symbol data may be corrupted,False
64,76,4,2,0.8,8,clean,projection,19,35,560,1120,35,35,1.0,1.0,True,,False
64,76,4,2,0.8,8,jpeg85,projection,19,35,560,1120,35,35,1.0,1.0,True,,False
64,76,4,2,0.8,8,resize075,projection,19,35,560,1120,35,35,0.95459,1.0,True,,False
64,76,4,2,0.8,8,blur1,projection,19,35,560,1120,35,32,0.876953,0.994643,False,inconsistent equations; symbol data may be corrupted,False
64,76,4,2,0.8,8,noise002,projection,19,35,560,1120,35,35,1.0,1.0,True,,False
64,76,4,2,0.8,8,crop090,projection,19,35,560,1120,35,0,0.082031,0.4125,False,inconsistent equations; symbol data may be corrupted,False
64,76,4,2,0.8,12,clean,projection,19,35,560,1120,35,35,1.0,1.0,True,,False
64,76,4,2,0.8,12,jpeg85,projection,19,35,560,1120,35,35,1.0,1.0,True,,False
64,76,4,2,0.8,12,resize075,projection,19,35,560,1120,35,35,0.958008,1.0,True,,False
64,76,4,2,0.8,12,blur1,projection,19,35,560,1120,35,32,0.879883,0.994643,False,inconsistent equations; symbol data may be corrupted,False
64,76,4,2,0.8,12,noise002,projection,19,35,560,1120,35,35,1.0,1.0,True,,False
64,76,4,2,0.8,12,crop090,projection,19,35,560,1120,35,0,0.079753,0.4125,False,inconsistent equations; symbol data may be corrupted,False
64,76,4,2,0.8,16,clean,projection,19,35,560,1120,35,35,1.0,1.0,True,,False
64,76,4,2,0.8,16,jpeg85,projection,19,35,560,1120,35,35,1.0,1.0,True,,False
64,76,4,2,0.8,16,resize075,projection,19,35,560,1120,35,35,0.957275,1.0,True,,False
64,76,4,2,0.8,16,blur1,projection,19,35,560,1120,35,32,0.880371,0.994643,False,inconsistent equations; symbol data may be corrupted,False
64,76,4,2,0.8,16,noise002,projection,19,35,560,1120,35,35,1.0,1.0,True,,False
64,76,4,2,0.8,16,crop090,projection,19,35,560,1120,35,0,0.079346,0.4125,False,inconsistent equations; symbol data may be corrupted,False
64,76,4,2,1.2,2,clean,projection,19,42,512,1024,32,32,1.0,1.0,True,,True
64,76,4,2,1.2,2,jpeg85,projection,19,42,512,1024,32,32,1.0,1.0,True,,True
64,76,4,2,1.2,2,resize075,projection,19,42,512,1024,32,32,0.970703,1.0,True,,True
64,76,4,2,1.2,2,blur1,projection,19,42,512,1024,32,29,0.884766,0.994141,False,inconsistent equations; symbol data may be corrupted,True
64,76,4,2,1.2,2,noise002,projection,19,42,512,1024,32,32,1.0,1.0,True,,True
64,76,4,2,1.2,2,crop090,projection,19,42,512,1024,32,0,0.070312,0.429688,False,inconsistent equations; symbol data may be corrupted,True
64,76,4,2,1.2,4,clean,projection,19,42,672,1344,42,42,1.0,1.0,True,,False
64,76,4,2,1.2,4,jpeg85,projection,19,42,672,1344,42,42,1.0,1.0,True,,False
64,76,4,2,1.2,4,resize075,projection,19,42,672,1344,42,42,0.959961,1.0,True,,False
64,76,4,2,1.2,4,blur1,projection,19,42,672,1344,42,38,0.878906,0.994048,False,inconsistent equations; symbol data may be corrupted,False
64,76,4,2,1.2,4,noise002,projection,19,42,672,1344,42,42,1.0,1.0,True,,False
64,76,4,2,1.2,4,crop090,projection,19,42,672,1344,42,0,0.079102,0.436012,False,inconsistent equations; symbol data may be corrupted,False
64,76,4,2,1.2,8,clean,projection,19,42,672,1344,42,42,1.0,1.0,True,,False
64,76,4,2,1.2,8,jpeg85,projection,19,42,672,1344,42,42,1.0,1.0,True,,False
64,76,4,2,1.2,8,resize075,projection,19,42,672,1344,42,42,0.952148,1.0,True,,False
64,76,4,2,1.2,8,blur1,projection,19,42,672,1344,42,38,0.873047,0.994048,False,inconsistent equations; symbol data may be corrupted,False
64,76,4,2,1.2,8,noise002,projection,19,42,672,1344,42,42,1.0,1.0,True,,False
64,76,4,2,1.2,8,crop090,projection,19,42,672,1344,42,0,0.081543,0.436012,False,inconsistent equations; symbol data may be corrupted,False
64,76,4,2,1.2,12,clean,projection,19,42,672,1344,42,42,1.0,1.0,True,,False
64,76,4,2,1.2,12,jpeg85,projection,19,42,672,1344,42,42,1.0,1.0,True,,False
64,76,4,2,1.2,12,resize075,projection,19,42,672,1344,42,42,0.95638,1.0,True,,False
64,76,4,2,1.2,12,blur1,projection,19,42,672,1344,42,38,0.877279,0.994048,False,inconsistent equations; symbol data may be corrupted,False
64,76,4,2,1.2,12,noise002,projection,19,42,672,1344,42,42,1.0,1.0,True,,False
64,76,4,2,1.2,12,crop090,projection,19,42,672,1344,42,0,0.079427,0.436012,False,inconsistent equations; symbol data may be corrupted,False
64,76,4,2,1.2,16,clean,projection,19,42,672,1344,42,42,1.0,1.0,True,,False
64,76,4,2,1.2,16,jpeg85,projection,19,42,672,1344,42,42,1.0,1.0,True,,False
64,76,4,2,1.2,16,resize075,projection,19,42,672,1344,42,42,0.956055,1.0,True,,False
64,76,4,2,1.2,16,blur1,projection,19,42,672,1344,42,38,0.878418,0.994048,False,inconsistent equations; symbol data may be corrupted,False
64,76,4,2,1.2,16,noise002,projection,19,42,672,1344,42,42,1.0,1.0,True,,False
64,76,4,2,1.2,16,crop090,projection,19,42,672,1344,42,0,0.079102,0.436012,False,inconsistent equations; symbol data may be corrupted,False
128,140,4,1,0.5,2,clean,projection,35,53,512,512,16,16,1.0,1.0,False,decoder stopped with 19 missing source blocks,True
128,140,4,1,0.5,2,jpeg85,projection,35,53,512,512,16,16,1.0,1.0,False,decoder stopped with 19 missing source blocks,True
128,140,4,1,0.5,2,resize075,projection,35,53,512,512,16,16,0.966797,1.0,False,decoder stopped with 19 missing source blocks,True
128,140,4,1,0.5,2,blur1,projection,35,53,512,512,16,16,0.882812,1.0,False,decoder stopped with 19 missing source blocks,True
128,140,4,1,0.5,2,noise002,projection,35,53,512,512,16,16,1.0,1.0,False,decoder stopped with 19 missing source blocks,True
128,140,4,1,0.5,2,crop090,projection,35,53,512,512,16,0,0.072266,0.685547,False,decoder stopped with 19 missing source blocks,True
128,140,4,1,0.5,4,clean,projection,35,53,1024,1024,32,32,1.0,1.0,False,decoder stopped with 3 missing source blocks,True
128,140,4,1,0.5,4,jpeg85,projection,35,53,1024,1024,32,32,1.0,1.0,False,decoder stopped with 3 missing source blocks,True
128,140,4,1,0.5,4,resize075,projection,35,53,1024,1024,32,32,0.959961,1.0,False,decoder stopped with 3 missing source blocks,True
128,140,4,1,0.5,4,blur1,projection,35,53,1024,1024,32,32,0.883789,1.0,False,decoder stopped with 3 missing source blocks,True
128,140,4,1,0.5,4,noise002,projection,35,53,1024,1024,32,32,1.0,1.0,False,decoder stopped with 3 missing source blocks,True
128,140,4,1,0.5,4,crop090,projection,35,53,1024,1024,32,0,0.075195,0.691406,False,decoder stopped with 3 missing source blocks,True
128,140,4,1,0.5,8,clean,projection,35,53,1696,1696,53,53,1.0,1.0,True,,False
128,140,4,1,0.5,8,jpeg85,projection,35,53,1696,1696,53,53,1.0,1.0,True,,False
128,140,4,1,0.5,8,resize075,projection,35,53,1696,1696,53,53,0.961426,1.0,True,,False
128,140,4,1,0.5,8,blur1,projection,35,53,1696,1696,53,53,0.87793,1.0,True,,False
128,140,4,1,0.5,8,noise002,projection,35,53,1696,1696,53,53,1.0,1.0,True,,False
128,140,4,1,0.5,8,crop090,projection,35,53,1696,1696,53,0,0.074707,0.682193,False,inconsistent equations; symbol data may be corrupted,False
128,140,4,1,0.5,12,clean,projection,35,53,1696,1696,53,53,1.0,1.0,True,,False
128,140,4,1,0.5,12,jpeg85,projection,35,53,1696,1696,53,53,1.0,1.0,True,,False
128,140,4,1,0.5,12,resize075,projection,35,53,1696,1696,53,53,0.962565,1.0,True,,False
128,140,4,1,0.5,12,blur1,projection,35,53,1696,1696,53,53,0.880534,1.0,True,,False
128,140,4,1,0.5,12,noise002,projection,35,53,1696,1696,53,53,1.0,1.0,True,,False
128,140,4,1,0.5,12,crop090,projection,35,53,1696,1696,53,0,0.07487,0.682193,False,inconsistent equations; symbol data may be corrupted,False
128,140,4,1,0.5,16,clean,projection,35,53,1696,1696,53,53,1.0,1.0,True,,False
128,140,4,1,0.5,16,jpeg85,projection,35,53,1696,1696,53,53,1.0,1.0,True,,False
128,140,4,1,0.5,16,resize075,projection,35,53,1696,1696,53,53,0.960693,1.0,True,,False
128,140,4,1,0.5,16,blur1,projection,35,53,1696,1696,53,53,0.880859,1.0,True,,False
128,140,4,1,0.5,16,noise002,projection,35,53,1696,1696,53,53,1.0,1.0,True,,False
128,140,4,1,0.5,16,crop090,projection,35,53,1696,1696,53,0,0.075684,0.682193,False,inconsistent equations; symbol data may be corrupted,False
128,140,4,1,0.8,2,clean,projection,35,63,512,512,16,16,1.0,1.0,False,decoder stopped with 19 missing source blocks,True
128,140,4,1,0.8,2,jpeg85,projection,35,63,512,512,16,16,1.0,1.0,False,decoder stopped with 19 missing source blocks,True
128,140,4,1,0.8,2,resize075,projection,35,63,512,512,16,16,0.966797,1.0,False,decoder stopped with 19 missing source blocks,True
128,140,4,1,0.8,2,blur1,projection,35,63,512,512,16,16,0.882812,1.0,False,decoder stopped with 19 missing source blocks,True
128,140,4,1,0.8,2,noise002,projection,35,63,512,512,16,16,1.0,1.0,False,decoder stopped with 19 missing source blocks,True
128,140,4,1,0.8,2,crop090,projection,35,63,512,512,16,0,0.072266,0.685547,False,decoder stopped with 19 missing source blocks,True
128,140,4,1,0.8,4,clean,projection,35,63,1024,1024,32,32,1.0,1.0,False,decoder stopped with 3 missing source blocks,True
128,140,4,1,0.8,4,jpeg85,projection,35,63,1024,1024,32,32,1.0,1.0,False,decoder stopped with 3 missing source blocks,True
128,140,4,1,0.8,4,resize075,projection,35,63,1024,1024,32,32,0.959961,1.0,False,decoder stopped with 3 missing source blocks,True
128,140,4,1,0.8,4,blur1,projection,35,63,1024,1024,32,32,0.883789,1.0,False,decoder stopped with 3 missing source blocks,True
128,140,4,1,0.8,4,noise002,projection,35,63,1024,1024,32,32,1.0,1.0,False,decoder stopped with 3 missing source blocks,True
128,140,4,1,0.8,4,crop090,projection,35,63,1024,1024,32,0,0.075195,0.691406,False,decoder stopped with 3 missing source blocks,True
128,140,4,1,0.8,8,clean,projection,35,63,2016,2016,63,63,1.0,1.0,True,,False
128,140,4,1,0.8,8,jpeg85,projection,35,63,2016,2016,63,63,1.0,1.0,True,,False
128,140,4,1,0.8,8,resize075,projection,35,63,2016,2016,63,63,0.960938,1.0,True,,False
128,140,4,1,0.8,8,blur1,projection,35,63,2016,2016,63,63,0.879883,1.0,True,,False
128,140,4,1,0.8,8,noise002,projection,35,63,2016,2016,63,63,1.0,1.0,True,,False
128,140,4,1,0.8,8,crop090,projection,35,63,2016,2016,63,0,0.077148,0.686508,False,inconsistent equations; symbol data may be corrupted,False
128,140,4,1,0.8,12,clean,projection,35,63,2016,2016,63,63,1.0,1.0,True,,False
128,140,4,1,0.8,12,jpeg85,projection,35,63,2016,2016,63,63,1.0,1.0,True,,False
128,140,4,1,0.8,12,resize075,projection,35,63,2016,2016,63,63,0.96224,1.0,True,,False
128,140,4,1,0.8,12,blur1,projection,35,63,2016,2016,63,63,0.881836,1.0,True,,False
128,140,4,1,0.8,12,noise002,projection,35,63,2016,2016,63,63,1.0,1.0,True,,False
128,140,4,1,0.8,12,crop090,projection,35,63,2016,2016,63,0,0.076497,0.686508,False,inconsistent equations; symbol data may be corrupted,False
128,140,4,1,0.8,16,clean,projection,35,63,2016,2016,63,63,1.0,1.0,True,,False
128,140,4,1,0.8,16,jpeg85,projection,35,63,2016,2016,63,63,1.0,1.0,True,,False
128,140,4,1,0.8,16,resize075,projection,35,63,2016,2016,63,63,0.960449,1.0,True,,False
128,140,4,1,0.8,16,blur1,projection,35,63,2016,2016,63,63,0.881836,1.0,True,,False
128,140,4,1,0.8,16,noise002,projection,35,63,2016,2016,63,63,1.0,1.0,True,,False
128,140,4,1,0.8,16,crop090,projection,35,63,2016,2016,63,0,0.076904,0.686508,False,inconsistent equations; symbol data may be corrupted,False
128,140,4,1,1.2,2,clean,projection,35,77,512,512,16,16,1.0,1.0,False,decoder stopped with 19 missing source blocks,True
128,140,4,1,1.2,2,jpeg85,projection,35,77,512,512,16,16,1.0,1.0,False,decoder stopped with 19 missing source blocks,True
128,140,4,1,1.2,2,resize075,projection,35,77,512,512,16,16,0.966797,1.0,False,decoder stopped with 19 missing source blocks,True
128,140,4,1,1.2,2,blur1,projection,35,77,512,512,16,16,0.882812,1.0,False,decoder stopped with 19 missing source blocks,True
128,140,4,1,1.2,2,noise002,projection,35,77,512,512,16,16,1.0,1.0,False,decoder stopped with 19 missing source blocks,True
128,140,4,1,1.2,2,crop090,projection,35,77,512,512,16,0,0.072266,0.685547,False,decoder stopped with 19 missing source blocks,True
128,140,4,1,1.2,4,clean,projection,35,77,1024,1024,32,32,1.0,1.0,False,decoder stopped with 3 missing source blocks,True
128,140,4,1,1.2,4,jpeg85,projection,35,77,1024,1024,32,32,1.0,1.0,False,decoder stopped with 3 missing source blocks,True
128,140,4,1,1.2,4,resize075,projection,35,77,1024,1024,32,32,0.959961,1.0,False,decoder stopped with 3 missing source blocks,True
128,140,4,1,1.2,4,blur1,projection,35,77,1024,1024,32,32,0.883789,1.0,False,decoder stopped with 3 missing source blocks,True
128,140,4,1,1.2,4,noise002,projection,35,77,1024,1024,32,32,1.0,1.0,False,decoder stopped with 3 missing source blocks,True
128,140,4,1,1.2,4,crop090,projection,35,77,1024,1024,32,0,0.075195,0.691406,False,decoder stopped with 3 missing source blocks,True
128,140,4,1,1.2,8,clean,projection,35,77,2048,2048,64,64,1.0,1.0,True,,True
128,140,4,1,1.2,8,jpeg85,projection,35,77,2048,2048,64,64,1.0,1.0,True,,True
128,140,4,1,1.2,8,resize075,projection,35,77,2048,2048,64,64,0.958496,1.0,True,,True
128,140,4,1,1.2,8,blur1,projection,35,77,2048,2048,64,64,0.878418,1.0,True,,True
128,140,4,1,1.2,8,noise002,projection,35,77,2048,2048,64,64,1.0,1.0,True,,True
128,140,4,1,1.2,8,crop090,projection,35,77,2048,2048,64,0,0.07666,0.684082,False,inconsistent equations; symbol data may be corrupted,True
128,140,4,1,1.2,12,clean,projection,35,77,2464,2464,77,77,1.0,1.0,True,,False
128,140,4,1,1.2,12,jpeg85,projection,35,77,2464,2464,77,77,1.0,1.0,True,,False
128,140,4,1,1.2,12,resize075,projection,35,77,2464,2464,77,77,0.958659,1.0,True,,False
128,140,4,1,1.2,12,blur1,projection,35,77,2464,2464,77,77,0.881185,1.0,True,,False
128,140,4,1,1.2,12,noise002,projection,35,77,2464,2464,77,77,1.0,1.0,True,,False
128,140,4,1,1.2,12,crop090,projection,35,77,2464,2464,77,0,0.079427,0.682224,False,inconsistent equations; symbol data may be corrupted,False
128,140,4,1,1.2,16,clean,projection,35,77,2464,2464,77,77,1.0,1.0,True,,False
128,140,4,1,1.2,16,jpeg85,projection,35,77,2464,2464,77,77,1.0,1.0,True,,False
128,140,4,1,1.2,16,resize075,projection,35,77,2464,2464,77,77,0.957764,1.0,True,,False
128,140,4,1,1.2,16,blur1,projection,35,77,2464,2464,77,77,0.881348,1.0,True,,False
128,140,4,1,1.2,16,noise002,projection,35,77,2464,2464,77,77,1.0,1.0,True,,False
128,140,4,1,1.2,16,crop090,projection,35,77,2464,2464,77,0,0.079102,0.682224,False,inconsistent equations; symbol data may be corrupted,False
128,140,4,2,0.5,2,clean,projection,35,53,512,1024,32,32,1.0,1.0,False,decoder stopped with 3 missing source blocks,True
128,140,4,2,0.5,2,jpeg85,projection,35,53,512,1024,32,32,1.0,1.0,False,decoder stopped with 3 missing source blocks,True
128,140,4,2,0.5,2,resize075,projection,35,53,512,1024,32,32,0.958984,1.0,False,decoder stopped with 3 missing source blocks,True
128,140,4,2,0.5,2,blur1,projection,35,53,512,1024,32,32,0.873047,1.0,False,decoder stopped with 3 missing source blocks,True
128,140,4,2,0.5,2,noise002,projection,35,53,512,1024,32,32,1.0,1.0,False,decoder stopped with 3 missing source blocks,True
128,140,4,2,0.5,2,crop090,projection,35,53,512,1024,32,0,0.068359,0.423828,False,decoder stopped with 3 missing source blocks,True
128,140,4,2,0.5,4,clean,projection,35,53,848,1696,53,53,1.0,1.0,True,,False
128,140,4,2,0.5,4,jpeg85,projection,35,53,848,1696,53,53,1.0,1.0,True,,False
128,140,4,2,0.5,4,resize075,projection,35,53,848,1696,53,53,0.958984,1.0,True,,False
128,140,4,2,0.5,4,blur1,projection,35,53,848,1696,53,53,0.881836,1.0,True,,False
128,140,4,2,0.5,4,noise002,projection,35,53,848,1696,53,53,1.0,1.0,True,,False
128,140,4,2,0.5,4,crop090,projection,35,53,848,1696,53,0,0.081055,0.40566,False,inconsistent equations; symbol data may be corrupted,False
128,140,4,2,0.5,8,clean,projection,35,53,848,1696,53,53,1.0,1.0,True,,False
128,140,4,2,0.5,8,jpeg85,projection,35,53,848,1696,53,53,1.0,1.0,True,,False
128,140,4,2,0.5,8,resize075,projection,35,53,848,1696,53,53,0.95166,1.0,True,,False
128,140,4,2,0.5,8,blur1,projection,35,53,848,1696,53,53,0.874512,1.0,True,,False
128,140,4,2,0.5,8,noise002,projection,35,53,848,1696,53,53,1.0,1.0,True,,False
128,140,4,2,0.5,8,crop090,projection,35,53,848,1696,53,0,0.08252,0.40566,False,inconsistent equations; symbol data may be corrupted,False
128,140,4,2,0.5,12,clean,projection,35,53,848,1696,53,53,1.0,1.0,True,,False
128,140,4,2,0.5,12,jpeg85,projection,35,53,848,1696,53,53,1.0,1.0,True,,False
128,140,4,2,0.5,12,resize075,projection,35,53,848,1696,53,53,0.956055,1.0,True,,False
128,140,4,2,0.5,12,blur1,projection,35,53,848,1696,53,53,0.878255,1.0,True,,False
128,140,4,2,0.5,12,noise002,projection,35,53,848,1696,53,53,1.0,1.0,True,,False
128,140,4,2,0.5,12,crop090,projection,35,53,848,1696,53,0,0.080078,0.40566,False,inconsistent equations; symbol data may be corrupted,False
128,140,4,2,0.5,16,clean,projection,35,53,848,1696,53,53,1.0,1.0,True,,False
128,140,4,2,0.5,16,jpeg85,projection,35,53,848,1696,53,53,1.0,1.0,True,,False
128,140,4,2,0.5,16,resize075,projection,35,53,848,1696,53,53,0.955811,1.0,True,,False
128,140,4,2,0.5,16,blur1,projection,35,53,848,1696,53,53,0.87915,1.0,True,,False
128,140,4,2,0.5,16,noise002,projection,35,53,848,1696,53,53,1.0,1.0,True,,False
128,140,4,2,0.5,16,crop090,projection,35,53,848,1696,53,0,0.07959,0.40566,False,inconsistent equations; symbol data may be corrupted,False
128,140,4,2,0.8,2,clean,projection,35,63,512,1024,32,32,1.0,1.0,False,decoder stopped with 3 missing source blocks,True
128,140,4,2,0.8,2,jpeg85,projection,35,63,512,1024,32,32,1.0,1.0,False,decoder stopped with 3 missing source blocks,True
128,140,4,2,0.8,2,resize075,projection,35,63,512,1024,32,32,0.958984,1.0,False,decoder stopped with 3 missing source blocks,True
128,140,4,2,0.8,2,blur1,projection,35,63,512,1024,32,32,0.873047,1.0,False,decoder stopped with 3 missing source blocks,True
128,140,4,2,0.8,2,noise002,projection,35,63,512,1024,32,32,1.0,1.0,False,decoder stopped with 3 missing source blocks,True
128,140,4,2,0.8,2,crop090,projection,35,63,512,1024,32,0,0.068359,0.423828,False,decoder stopped with 3 missing source blocks,True
128,140,4,2,0.8,4,clean,projection,35,63,1008,2016,63,63,1.0,1.0,True,,False
128,140,4,2,0.8,4,jpeg85,projection,35,63,1008,2016,63,63,1.0,1.0,True,,False
128,140,4,2,0.8,4,resize075,projection,35,63,1008,2016,63,63,0.954102,1.0,True,,False
128,140,4,2,0.8,4,blur1,projection,35,63,1008,2016,63,63,0.87793,1.0,True,,False
128,140,4,2,0.8,4,noise002,projection,35,63,1008,2016,63,63,1.0,1.0,True,,False
128,140,4,2,0.8,4,crop090,projection,35,63,1008,2016,63,0,0.073242,0.417659,False,inconsistent equations; symbol data may be corrupted,False
128,140,4,2,0.8,8,clean,projection,35,63,1008,2016,63,63,1.0,1.0,True,,False
128,140,4,2,0.8,8,jpeg85,projection,35,63,1008,2016,63,63,1.0,1.0,True,,False
128,140,4,2,0.8,8,resize075,projection,35,63,1008,2016,63,63,0.949219,1.0,True,,False
128,140,4,2,0.8,8,blur1,projection,35,63,1008,2016,63,63,0.872559,1.0,True,,False
128,140,4,2,0.8,8,noise002,projection,35,63,1008,2016,63,63,1.0,1.0,True,,False
128,140,4,2,0.8,8,crop090,projection,35,63,1008,2016,63,0,0.078613,0.417659,False,inconsistent equations; symbol data may be corrupted,False
128,140,4,2,0.8,12,clean,projection,35,63,1008,2016,63,63,1.0,1.0,True,,False
128,140,4,2,0.8,12,jpeg85,projection,35,63,1008,2016,63,63,1.0,1.0,True,,False
128,140,4,2,0.8,12,resize075,projection,35,63,1008,2016,63,63,0.954427,1.0,True,,False
128,140,4,2,0.8,12,blur1,projection,35,63,1008,2016,63,63,0.876953,1.0,True,,False
128,140,4,2,0.8,12,noise002,projection,35,63,1008,2016,63,63,1.0,1.0,True,,False
128,140,4,2,0.8,12,crop090,projection,35,63,1008,2016,63,0,0.077474,0.417659,False,inconsistent equations; symbol data may be corrupted,False
128,140,4,2,0.8,16,clean,projection,35,63,1008,2016,63,63,1.0,1.0,True,,False
128,140,4,2,0.8,16,jpeg85,projection,35,63,1008,2016,63,63,1.0,1.0,True,,False
128,140,4,2,0.8,16,resize075,projection,35,63,1008,2016,63,63,0.95459,1.0,True,,False
128,140,4,2,0.8,16,blur1,projection,35,63,1008,2016,63,63,0.878174,1.0,True,,False
128,140,4,2,0.8,16,noise002,projection,35,63,1008,2016,63,63,1.0,1.0,True,,False
128,140,4,2,0.8,16,crop090,projection,35,63,1008,2016,63,0,0.077637,0.417659,False,inconsistent equations; symbol data may be corrupted,False
128,140,4,2,1.2,2,clean,projection,35,77,512,1024,32,32,1.0,1.0,False,decoder stopped with 3 missing source blocks,True
128,140,4,2,1.2,2,jpeg85,projection,35,77,512,1024,32,32,1.0,1.0,False,decoder stopped with 3 missing source blocks,True
128,140,4,2,1.2,2,resize075,projection,35,77,512,1024,32,32,0.958984,1.0,False,decoder stopped with 3 missing source blocks,True
128,140,4,2,1.2,2,blur1,projection,35,77,512,1024,32,32,0.873047,1.0,False,decoder stopped with 3 missing source blocks,True
128,140,4,2,1.2,2,noise002,projection,35,77,512,1024,32,32,1.0,1.0,False,decoder stopped with 3 missing source blocks,True
128,140,4,2,1.2,2,crop090,projection,35,77,512,1024,32,0,0.068359,0.423828,False,decoder stopped with 3 missing source blocks,True
128,140,4,2,1.2,4,clean,projection,35,77,1024,2048,64,64,1.0,1.0,True,,True
128,140,4,2,1.2,4,jpeg85,projection,35,77,1024,2048,64,64,1.0,1.0,True,,True
128,140,4,2,1.2,4,resize075,projection,35,77,1024,2048,64,64,0.954102,1.0,True,,True
128,140,4,2,1.2,4,blur1,projection,35,77,1024,2048,64,64,0.876953,1.0,True,,True
128,140,4,2,1.2,4,noise002,projection,35,77,1024,2048,64,64,1.0,1.0,True,,True
128,140,4,2,1.2,4,crop090,projection,35,77,1024,2048,64,0,0.073242,0.418945,False,inconsistent equations; symbol data may be corrupted,True
128,140,4,2,1.2,8,clean,projection,35,77,1232,2464,77,77,1.0,1.0,True,,False
128,140,4,2,1.2,8,jpeg85,projection,35,77,1232,2464,77,77,1.0,1.0,True,,False
128,140,4,2,1.2,8,resize075,projection,35,77,1232,2464,77,77,0.949219,1.0,True,,False
128,140,4,2,1.2,8,blur1,projection,35,77,1232,2464,77,76,0.866211,0.999188,False,inconsistent equations; symbol data may be corrupted,False
128,140,4,2,1.2,8,noise002,projection,35,77,1232,2464,77,77,1.0,1.0,True,,False
128,140,4,2,1.2,8,crop090,projection,35,77,1232,2464,77,0,0.079102,0.42289,False,inconsistent equations; symbol data may be corrupted,False
128,140,4,2,1.2,12,clean,projection,35,77,1232,2464,77,77,1.0,1.0,True,,False
128,140,4,2,1.2,12,jpeg85,projection,35,77,1232,2464,77,77,1.0,1.0,True,,False
128,140,4,2,1.2,12,resize075,projection,35,77,1232,2464,77,77,0.954427,1.0,True,,False
128,140,4,2,1.2,12,blur1,projection,35,77,1232,2464,77,76,0.872721,0.999188,False,inconsistent equations; symbol data may be corrupted,False
128,140,4,2,1.2,12,noise002,projection,35,77,1232,2464,77,77,1.0,1.0,True,,False
128,140,4,2,1.2,12,crop090,projection,35,77,1232,2464,77,0,0.077799,0.42289,False,inconsistent equations; symbol data may be corrupted,False
128,140,4,2,1.2,16,clean,projection,35,77,1232,2464,77,77,1.0,1.0,True,,False
128,140,4,2,1.2,16,jpeg85,projection,35,77,1232,2464,77,77,1.0,1.0,True,,False
128,140,4,2,1.2,16,resize075,projection,35,77,1232,2464,77,77,0.95459,1.0,True,,False
128,140,4,2,1.2,16,blur1,projection,35,77,1232,2464,77,76,0.875,0.999188,False,inconsistent equations; symbol data may be corrupted,False
128,140,4,2,1.2,16,noise002,projection,35,77,1232,2464,77,77,1.0,1.0,True,,False
128,140,4,2,1.2,16,crop090,projection,35,77,1232,2464,77,0,0.077881,0.42289,False,inconsistent equations; symbol data may be corrupted,False
